,rental_id,rental_date,inventory_id,return_date
0,1,2005-05-24 22:53:30,367,2005-05-26 22:04:30
1,2,2005-05-24 22:54:33,1525,2005-05-28 19:40:33
2,3,2005-05-24 23:03:39,1711,2005-06-01 22:12:39
3,4,2005-05-24 23:04:41,2452,2005-06-03 01:43:41
4,5,2005-05-24 23:05:21,2079,2005-06-02 04:33:21
5,6,2005-05-24 23:08:07,2792,2005-05-27 01:32:07
6,7,2005-05-24 23:11:53,3995,2005-05-29 20:34:53
7,8,2005-05-24 23:31:46,2346,2005-05-27 23:33:46
8,9,2005-05-25 00:00:40,2580,2005-05-28 00:22:40
9,10,2005-05-25 00:02:21,1824,2005-05-31 22:44:21
10,11,2005-05-25 00:09:02,4443,2005-06-02 20:56:02
11,12,2005-05-25 00:19:27,1584,2005-05-30 05:44:27
12,13,2005-05-25 00:22:55,2294,2005-05-30 04:28:55
13,14,2005-05-25 00:31:15,2701,2005-05-26 02:56:15
14,15,2005-05-25 00:39:22,3049,2005-06-03 03:30:22
15,16,2005-05-25 00:43:11,389,2005-05-26 04:42:11
16,17,2005-05-25 01:06:36,830,2005-05-27 00:43:36
17,18,2005-05-25 01:10:47,3376,2005-05-31 06:35:47
18,19,2005-05-25 01:17:24,1941,2005-05-31 06:00:24
19,20,2005-05-25 01:48:41,3517,2005-05-27 02:20:41
20,21,2005-05-25 01:59:46,146,2005-05-26 01:01:46
21,22,2005-05-25 02:19:23,727,2005-05-26 04:52:23
22,23,2005-05-25 02:40:21,4441,2005-05-29 06:34:21
23,24,2005-05-25 02:53:02,3273,2005-05-27 01:15:02
24,25,2005-05-25 03:21:20,3961,2005-05-27 21:25:20
25,26,2005-05-25 03:36:50,4371,2005-05-31 00:34:50
26,27,2005-05-25 03:41:50,1225,2005-05-30 01:13:50
27,28,2005-05-25 03:42:37,4068,2005-05-26 09:26:37
28,29,2005-05-25 03:47:12,611,2005-05-30 00:31:12
29,30,2005-05-25 04:01:32,3744,2005-05-30 03:12:32
30,31,2005-05-25 04:05:17,4482,2005-05-30 07:15:17
31,32,2005-05-25 04:06:21,3832,2005-05-25 23:55:21
32,33,2005-05-25 04:18:51,1681,2005-05-27 03:58:51
33,34,2005-05-25 04:19:28,2613,2005-05-29 00:10:28
34,35,2005-05-25 04:24:36,1286,2005-05-27 07:02:36
35,36,2005-05-25 04:36:26,1308,2005-05-29 00:31:26
36,37,2005-05-25 04:44:31,403,2005-05-29 01:03:31
37,38,2005-05-25 04:47:44,2540,2005-06-01 00:58:44
38,39,2005-05-25 04:51:46,4466,2005-05-31 03:14:46
39,40,2005-05-25 05:09:04,2638,2005-05-27 23:12:04
40,41,2005-05-25 05:12:29,1761,2005-06-02 00:28:29
41,42,2005-05-25 05:24:58,380,2005-05-31 02:47:58
42,43,2005-05-25 05:39:25,2578,2005-05-26 06:54:25
43,44,2005-05-25 05:53:23,3098,2005-05-29 10:56:23
44,45,2005-05-25 05:59:39,1853,2005-06-02 09:56:39
45,46,2005-05-25 06:04:08,3318,2005-06-02 08:18:08
46,47,2005-05-25 06:05:20,2211,2005-05-30 03:04:20
47,48,2005-05-25 06:20:46,1780,2005-06-02 05:42:46
48,49,2005-05-25 06:39:35,2965,2005-05-30 10:12:35
49,50,2005-05-25 06:44:53,1983,2005-05-28 11:28:53
50,51,2005-05-25 06:49:10,1257,2005-05-26 06:42:10
51,52,2005-05-25 06:51:29,4017,2005-05-31 01:27:29
52,53,2005-05-25 07:19:16,1255,2005-05-27 05:19:16
53,54,2005-05-25 07:23:25,2787,2005-06-01 05:05:25
54,55,2005-05-25 08:26:13,1139,2005-05-30 10:57:13
55,56,2005-05-25 08:28:11,1352,2005-05-26 14:21:11
56,57,2005-05-25 08:43:32,3938,2005-05-29 06:42:32
57,58,2005-05-25 08:53:14,3050,2005-05-28 14:40:14
58,59,2005-05-25 08:56:42,2884,2005-06-01 09:52:42
59,60,2005-05-25 08:58:25,330,2005-05-30 14:14:25
60,61,2005-05-25 09:01:57,4210,2005-06-02 07:22:57
61,62,2005-05-25 09:18:52,261,2005-05-30 10:55:52
62,63,2005-05-25 09:19:16,4008,2005-05-27 04:24:16
63,64,2005-05-25 09:21:29,79,2005-06-03 11:31:29
64,65,2005-05-25 09:32:03,3552,2005-05-29 14:21:03
65,66,2005-05-25 09:35:12,1162,2005-05-29 04:16:12
66,67,2005-05-25 09:41:01,239,2005-05-27 13:46:01
67,68,2005-05-25 09:47:31,4029,2005-05-31 10:20:31
68,69,2005-05-25 10:10:14,3207,2005-05-27 14:02:14
69,70,2005-05-25 10:15:23,2168,2005-05-27 05:56:23
70,71,2005-05-25 10:26:39,2408,2005-05-28 04:59:39
71,72,2005-05-25 10:52:13,2260,2005-05-28 05:52:13
72,73,2005-05-25 11:00:07,517,2005-06-01 13:56:07
73,74,2005-05-25 11:09:48,1744,2005-05-26 12:23:48
74,75,2005-05-25 11:13:34,3393,2005-06-03 12:58:34
75,76,2005-05-25 11:30:37,3021,2005-06-03 12:00:37
76,77,2005-05-25 11:31:59,1303,2005-05-26 16:53:59
77,78,2005-05-25 11:35:18,4067,2005-05-31 12:48:18
78,79,2005-05-25 12:11:07,3299,2005-06-03 10:54:07
79,80,2005-05-25 12:12:07,2478,2005-05-31 17:46:07
80,81,2005-05-25 12:15:19,2610,2005-06-02 14:08:19
81,82,2005-05-25 12:17:46,1388,2005-06-01 10:48:46
82,83,2005-05-25 12:30:15,466,2005-05-27 15:40:15
83,84,2005-05-25 12:36:30,1829,2005-05-29 18:33:30
84,85,2005-05-25 13:05:34,470,2005-05-29 16:53:34
85,86,2005-05-25 13:36:12,2275,2005-05-30 14:53:12
86,87,2005-05-25 13:52:43,1586,2005-05-29 11:12:43
87,88,2005-05-25 14:13:54,2221,2005-05-29 09:32:54
88,89,2005-05-25 14:28:29,2181,2005-05-29 14:33:29
89,90,2005-05-25 14:31:25,2984,2005-06-01 10:07:25
90,91,2005-05-25 14:57:22,139,2005-06-01 18:32:22
91,92,2005-05-25 15:38:46,775,2005-05-31 13:40:46
92,93,2005-05-25 15:54:16,4360,2005-06-03 20:18:16
93,94,2005-05-25 16:03:42,1675,2005-05-30 14:23:42
94,95,2005-05-25 16:12:52,178,2005-06-02 18:55:52
95,96,2005-05-25 16:32:19,3418,2005-05-30 10:47:19
96,97,2005-05-25 16:34:24,1283,2005-05-28 12:13:24
97,98,2005-05-25 16:48:24,2970,2005-05-27 11:29:24
98,99,2005-05-25 16:50:20,535,2005-05-28 18:52:20
99,100,2005-05-25 16:50:28,2599,2005-06-02 22:11:28
100,101,2005-05-25 17:17:04,617,2005-05-31 19:47:04
101,102,2005-05-25 17:22:10,373,2005-05-31 19:47:10
102,103,2005-05-25 17:30:42,3343,2005-06-03 22:36:42
103,104,2005-05-25 17:46:33,4281,2005-05-27 15:20:33
104,105,2005-05-25 17:54:12,794,2005-05-30 12:03:12
105,106,2005-05-25 18:18:19,3627,2005-06-04 00:01:19
106,107,2005-05-25 18:28:09,2833,2005-06-03 22:46:09
107,108,2005-05-25 18:30:05,3289,2005-05-30 19:40:05
108,109,2005-05-25 18:40:20,1044,2005-05-29 20:39:20
109,110,2005-05-25 18:43:49,4108,2005-06-03 18:13:49
110,111,2005-05-25 18:45:19,3725,2005-05-28 17:18:19
111,112,2005-05-25 18:57:24,2153,2005-06-02 20:44:24
112,113,2005-05-25 19:07:40,2963,2005-05-27 22:16:40
113,114,2005-05-25 19:12:42,4502,2005-06-01 23:10:42
114,115,2005-05-25 19:13:25,749,2005-05-29 20:17:25
115,116,2005-05-25 19:27:51,4453,2005-05-26 16:23:51
116,117,2005-05-25 19:30:46,4278,2005-05-31 23:59:46
117,118,2005-05-25 19:31:18,872,2005-05-31 15:00:18
118,119,2005-05-25 19:37:02,1359,2005-05-29 23:51:02
119,120,2005-05-25 19:37:47,37,2005-06-01 23:29:47
120,121,2005-05-25 19:41:29,1053,2005-05-29 21:31:29
121,122,2005-05-25 19:46:21,2908,2005-06-02 19:07:21
122,123,2005-05-25 20:26:42,1795,2005-05-26 19:41:42
123,124,2005-05-25 20:46:11,212,2005-05-30 00:47:11
124,125,2005-05-25 20:48:50,952,2005-06-02 21:39:50
125,126,2005-05-25 21:07:59,2047,2005-05-28 18:51:59
126,127,2005-05-25 21:10:40,2026,2005-06-02 21:38:40
127,128,2005-05-25 21:19:53,4322,2005-05-29 23:34:53
128,129,2005-05-25 21:20:03,4154,2005-06-04 01:25:03
129,130,2005-05-25 21:21:56,3990,2005-05-30 22:41:56
130,131,2005-05-25 21:42:46,815,2005-05-30 23:25:46
131,132,2005-05-25 21:46:54,3367,2005-05-31 21:02:54
132,133,2005-05-25 21:48:30,399,2005-05-30 00:26:30
133,134,2005-05-25 21:48:41,2272,2005-06-02 18:28:41
134,135,2005-05-25 21:58:58,103,2005-06-03 17:50:58
135,136,2005-05-25 22:02:30,2296,2005-05-31 18:06:30
136,137,2005-05-25 22:25:18,2591,2005-06-01 02:30:18
137,138,2005-05-25 22:48:22,4134,2005-05-29 20:21:22
138,139,2005-05-25 23:00:21,327,2005-05-29 17:12:21
139,140,2005-05-25 23:34:22,655,2005-05-27 01:10:22
140,141,2005-05-25 23:34:53,811,2005-06-02 01:57:53
141,142,2005-05-25 23:43:47,4407,2005-05-29 00:46:47
142,143,2005-05-25 23:45:52,847,2005-05-27 21:41:52
143,144,2005-05-25 23:49:56,1689,2005-06-01 21:41:56
144,145,2005-05-25 23:59:03,3905,2005-05-31 02:56:03
145,146,2005-05-26 00:07:11,1431,2005-06-04 00:20:11
146,147,2005-05-26 00:17:50,633,2005-05-29 23:21:50
147,148,2005-05-26 00:25:23,4252,2005-06-01 19:29:23
148,149,2005-05-26 00:28:05,1084,2005-06-02 21:30:05
149,150,2005-05-26 00:28:39,909,2005-06-01 02:10:39
150,151,2005-05-26 00:37:28,2942,2005-05-30 06:28:28
151,152,2005-05-26 00:41:10,2622,2005-06-03 06:05:10
152,153,2005-05-26 00:47:47,3888,2005-05-27 21:28:47
153,154,2005-05-26 00:55:56,1354,2005-05-29 23:18:56
154,155,2005-05-26 01:15:05,288,2005-06-01 00:03:05
155,156,2005-05-26 01:19:05,3193,2005-05-27 23:43:05
156,157,2005-05-26 01:25:21,887,2005-05-26 21:17:21
157,158,2005-05-26 01:27:11,2395,2005-06-03 00:30:11
158,159,2005-05-26 01:34:28,3453,2005-05-29 04:00:28
159,160,2005-05-26 01:46:20,1885,2005-06-01 05:45:20
160,161,2005-05-26 01:51:48,2941,2005-05-27 05:42:48
161,162,2005-05-26 02:02:05,1229,2005-05-27 03:38:05
162,163,2005-05-26 02:26:23,2306,2005-06-04 06:36:23
163,164,2005-05-26 02:26:49,1070,2005-05-28 00:32:49
164,165,2005-05-26 02:28:36,2735,2005-06-02 03:21:36
165,166,2005-05-26 02:49:11,3894,2005-05-31 01:28:11
166,167,2005-05-26 02:50:31,865,2005-05-27 03:07:31
167,168,2005-05-26 03:07:43,2714,2005-06-02 02:09:43
168,169,2005-05-26 03:09:30,1758,2005-05-27 01:37:30
169,170,2005-05-26 03:11:12,3688,2005-06-02 03:53:12
170,171,2005-05-26 03:14:15,4483,2005-06-03 00:24:15
171,172,2005-05-26 03:17:42,2873,2005-05-29 04:11:42
172,173,2005-05-26 03:42:10,3596,2005-05-28 01:37:10
173,174,2005-05-26 03:44:10,3954,2005-05-28 07:13:10
174,175,2005-05-26 03:46:26,4346,2005-06-03 06:01:26
175,176,2005-05-26 03:47:39,851,2005-06-01 02:36:39
176,177,2005-05-26 04:14:29,3545,2005-06-01 08:16:29
177,178,2005-05-26 04:21:46,1489,2005-06-04 07:09:46
178,179,2005-05-26 04:26:06,2575,2005-06-03 10:06:06
179,180,2005-05-26 04:46:23,2752,2005-06-01 09:58:23
180,181,2005-05-26 04:47:06,2417,2005-05-29 06:34:06
181,182,2005-05-26 04:49:17,4396,2005-06-01 05:43:17
182,183,2005-05-26 05:01:18,2877,2005-06-01 09:04:18
183,184,2005-05-26 05:29:49,1970,2005-05-28 10:10:49
184,185,2005-05-26 05:30:03,2598,2005-06-02 09:48:03
185,186,2005-05-26 05:32:52,1799,2005-06-03 07:19:52
186,187,2005-05-26 05:42:37,4004,2005-06-04 00:38:37
187,188,2005-05-26 05:47:12,3342,2005-05-26 23:48:12
188,189,2005-05-26 06:01:41,984,2005-05-27 06:11:41
189,190,2005-05-26 06:11:28,3962,2005-06-01 09:44:28
190,191,2005-05-26 06:14:06,4365,2005-05-28 05:33:06
191,192,2005-05-26 06:20:37,1897,2005-06-02 10:57:37
192,193,2005-05-26 06:41:48,3900,2005-05-30 06:21:48
193,194,2005-05-26 06:52:33,1337,2005-05-30 04:08:33
194,195,2005-05-26 06:52:36,506,2005-05-31 02:47:36
195,196,2005-05-26 06:55:58,190,2005-05-27 10:54:58
196,197,2005-05-26 06:59:21,4212,2005-06-03 05:04:21
197,198,2005-05-26 07:03:49,1789,2005-06-04 11:45:49
198,199,2005-05-26 07:11:58,2135,2005-05-28 09:06:58
199,200,2005-05-26 07:12:21,3926,2005-05-31 12:07:21
200,201,2005-05-26 07:13:45,776,2005-06-04 02:02:45
201,202,2005-05-26 07:27:36,674,2005-06-02 03:52:36
202,203,2005-05-26 07:27:57,3374,2005-06-03 12:52:57
203,204,2005-05-26 07:30:37,1842,2005-05-30 08:11:37
204,205,2005-05-26 07:59:37,303,2005-05-29 09:43:37
205,206,2005-05-26 08:01:54,1717,2005-05-27 06:26:54
206,207,2005-05-26 08:04:38,102,2005-05-27 09:32:38
207,208,2005-05-26 08:10:22,3669,2005-05-27 03:55:22
208,209,2005-05-26 08:14:01,729,2005-05-27 09:00:01
209,210,2005-05-26 08:14:15,1801,2005-05-27 12:12:15
210,211,2005-05-26 08:33:10,4005,2005-05-28 14:09:10
211,212,2005-05-26 08:34:41,764,2005-05-30 12:46:41
212,213,2005-05-26 08:44:08,1505,2005-05-31 12:33:08
213,214,2005-05-26 08:48:49,1453,2005-05-31 04:06:49
214,215,2005-05-26 09:02:47,679,2005-05-28 09:45:47
215,216,2005-05-26 09:17:43,1398,2005-06-03 08:21:43
216,217,2005-05-26 09:24:26,4395,2005-05-31 03:24:26
217,218,2005-05-26 09:27:09,2291,2005-06-04 11:53:09
218,219,2005-05-26 09:41:45,3074,2005-05-28 04:40:45
219,220,2005-05-26 10:06:49,1259,2005-06-01 07:43:49
220,221,2005-05-26 10:14:09,3578,2005-05-29 05:57:09
221,222,2005-05-26 10:14:38,2745,2005-05-31 08:36:38
222,223,2005-05-26 10:15:23,3121,2005-05-30 11:43:23
223,224,2005-05-26 10:18:27,4285,2005-06-04 06:59:27
224,225,2005-05-26 10:27:50,651,2005-06-01 07:01:50
225,226,2005-05-26 10:44:04,4181,2005-05-31 13:26:04
226,227,2005-05-26 10:51:46,214,2005-05-30 07:24:46
227,228,2005-05-26 10:54:28,511,2005-06-04 09:39:28
228,229,2005-05-26 11:19:20,1131,2005-05-31 11:56:20
229,230,2005-05-26 11:31:50,1085,2005-05-30 15:22:50
230,231,2005-05-26 11:31:59,4032,2005-05-27 07:27:59
231,232,2005-05-26 11:38:05,2945,2005-05-27 08:42:05
232,233,2005-05-26 11:43:44,715,2005-05-28 17:28:44
233,234,2005-05-26 11:47:20,1321,2005-06-03 10:39:20
234,235,2005-05-26 11:51:09,3537,2005-06-04 09:36:09
235,236,2005-05-26 11:53:49,1265,2005-05-28 13:55:49
236,237,2005-05-26 12:15:13,241,2005-05-29 18:10:13
237,238,2005-05-26 12:30:22,503,2005-05-27 06:49:22
238,239,2005-05-26 12:30:26,131,2005-06-01 13:26:26
239,240,2005-05-26 12:40:23,3420,2005-06-04 07:22:23
240,241,2005-05-26 12:49:01,4438,2005-05-28 11:43:01
241,242,2005-05-26 13:05:08,2095,2005-06-02 15:26:08
242,243,2005-05-26 13:06:05,1721,2005-06-03 17:28:05
243,244,2005-05-26 13:40:40,1041,2005-05-31 11:58:40
244,245,2005-05-26 13:46:59,3045,2005-05-27 09:58:59
245,246,2005-05-26 13:57:07,2829,2005-05-29 10:12:07
246,247,2005-05-26 14:01:05,4095,2005-05-28 13:38:05
247,248,2005-05-26 14:07:58,1913,2005-05-31 14:03:58
248,249,2005-05-26 14:19:09,2428,2005-05-28 17:47:09
249,250,2005-05-26 14:30:24,368,2005-05-27 08:50:24
250,251,2005-05-26 14:35:40,4352,2005-05-29 17:17:40
251,252,2005-05-26 14:39:53,1203,2005-06-02 14:48:53
252,253,2005-05-26 14:43:14,2969,2005-05-27 12:21:14
253,254,2005-05-26 14:43:48,1835,2005-05-31 09:19:48
254,255,2005-05-26 14:52:15,3264,2005-05-27 12:45:15
255,256,2005-05-26 15:20:58,3194,2005-05-31 15:58:58
256,257,2005-05-26 15:27:05,2570,2005-05-29 16:25:05
257,258,2005-05-26 15:28:14,3534,2005-05-30 18:38:14
258,259,2005-05-26 15:32:46,30,2005-06-04 15:27:46
259,260,2005-05-26 15:42:20,435,2005-05-31 13:21:20
260,261,2005-05-26 15:44:23,1369,2005-06-02 09:47:23
261,262,2005-05-26 15:46:56,4261,2005-05-28 15:49:56
262,263,2005-05-26 15:47:40,1160,2005-05-30 10:07:40
263,264,2005-05-26 16:00:49,2069,2005-05-27 10:12:49
264,265,2005-05-26 16:07:38,2276,2005-06-01 14:20:38
265,266,2005-05-26 16:08:05,3303,2005-05-27 10:55:05
266,267,2005-05-26 16:16:21,1206,2005-05-30 16:53:21
267,268,2005-05-26 16:19:08,1714,2005-05-27 14:35:08
268,269,2005-05-26 16:19:46,3501,2005-05-27 15:59:46
269,270,2005-05-26 16:20:56,207,2005-06-03 12:40:56
270,271,2005-05-26 16:22:01,2388,2005-06-03 17:30:01
271,272,2005-05-26 16:27:11,971,2005-06-03 13:10:11
272,273,2005-05-26 16:29:36,1590,2005-05-29 18:49:36
273,274,2005-05-26 16:48:51,656,2005-06-03 18:17:51
274,275,2005-05-26 17:09:53,1718,2005-06-04 22:35:53
275,276,2005-05-26 17:16:07,1221,2005-06-03 12:59:07
276,277,2005-05-26 17:32:11,1409,2005-05-28 22:54:11
277,278,2005-05-26 17:40:58,182,2005-06-02 16:43:58
278,279,2005-05-26 18:02:50,661,2005-06-03 18:48:50
279,280,2005-05-26 18:36:58,1896,2005-05-27 23:42:58
280,281,2005-05-26 18:49:35,1208,2005-05-27 18:11:35
281,282,2005-05-26 18:56:26,4486,2005-06-01 16:32:26
282,283,2005-05-26 19:05:05,3530,2005-05-31 19:19:05
283,284,2005-05-26 19:21:44,350,2005-06-04 14:18:44
284,285,2005-05-26 19:41:40,2486,2005-05-31 16:58:40
285,286,2005-05-26 19:44:51,314,2005-06-04 18:00:51
286,287,2005-05-26 19:44:54,3631,2005-06-02 01:10:54
287,288,2005-05-26 19:47:49,3546,2005-06-03 20:53:49
288,289,2005-05-26 20:01:09,2449,2005-05-28 15:09:09
289,290,2005-05-26 20:08:33,2776,2005-05-30 00:32:33
290,291,2005-05-26 20:20:47,485,2005-06-03 02:06:47
291,292,2005-05-26 20:22:12,4264,2005-06-05 00:58:12
292,293,2005-05-26 20:27:02,1828,2005-06-03 16:45:02
293,294,2005-05-26 20:29:57,2751,2005-05-28 17:20:57
294,295,2005-05-26 20:33:20,4030,2005-05-27 18:23:20
295,296,2005-05-26 20:35:19,3878,2005-06-04 02:31:19
296,297,2005-05-26 20:48:48,1594,2005-05-27 19:52:48
297,298,2005-05-26 20:52:26,1083,2005-05-29 22:08:26
298,299,2005-05-26 20:55:36,4376,2005-05-28 00:25:36
299,300,2005-05-26 20:57:00,249,2005-06-05 01:34:00
300,301,2005-05-26 21:06:14,3448,2005-06-01 01:54:14
301,302,2005-05-26 21:13:46,2921,2005-06-03 15:49:46
302,303,2005-05-26 21:16:52,1111,2005-05-27 23:41:52
303,304,2005-05-26 21:21:28,1701,2005-06-02 00:05:28
304,305,2005-05-26 21:22:07,2665,2005-06-02 22:33:07
305,306,2005-05-26 21:31:57,2781,2005-05-28 19:37:57
306,307,2005-05-26 21:48:13,1097,2005-06-04 22:24:13
307,308,2005-05-26 22:01:39,187,2005-06-04 20:24:39
308,309,2005-05-26 22:38:10,1946,2005-06-02 03:10:10
309,310,2005-05-26 22:41:07,593,2005-06-02 04:09:07
310,311,2005-05-26 22:51:37,2830,2005-06-01 00:02:37
311,312,2005-05-26 22:52:19,2008,2005-06-02 18:14:19
312,313,2005-05-26 22:56:19,4156,2005-05-29 01:29:19
313,314,2005-05-26 23:09:41,2851,2005-05-28 22:49:41
314,315,2005-05-26 23:12:55,2847,2005-05-29 23:33:55
315,316,2005-05-26 23:22:55,3828,2005-05-29 23:25:55
316,317,2005-05-26 23:23:56,26,2005-06-01 19:56:56
317,318,2005-05-26 23:37:39,2559,2005-06-03 04:31:39
318,319,2005-05-26 23:52:13,3024,2005-05-30 18:55:13
319,320,2005-05-27 00:09:24,1090,2005-05-28 04:30:24
320,322,2005-05-27 00:47:35,4556,2005-06-02 00:32:35
321,323,2005-05-27 00:49:27,2362,2005-05-30 03:12:27
322,324,2005-05-27 01:00:04,3364,2005-05-30 04:27:04
323,325,2005-05-27 01:09:55,2510,2005-05-31 07:01:55
324,326,2005-05-27 01:10:11,3979,2005-06-04 20:25:11
325,327,2005-05-27 01:18:57,2678,2005-06-04 04:06:57
326,328,2005-05-27 01:29:31,2524,2005-06-01 02:27:31
327,329,2005-05-27 01:57:14,2659,2005-05-31 04:19:14
328,330,2005-05-27 02:15:30,1536,2005-06-04 05:09:30
329,331,2005-05-27 02:22:26,1872,2005-06-05 00:25:26
330,332,2005-05-27 02:27:10,1529,2005-06-03 01:26:10
331,333,2005-05-27 02:52:21,4001,2005-06-01 00:55:21
332,334,2005-05-27 03:03:07,3973,2005-05-29 03:54:07
333,335,2005-05-27 03:07:10,1411,2005-06-05 00:15:10
334,336,2005-05-27 03:15:23,1811,2005-05-29 22:43:23
335,337,2005-05-27 03:22:30,751,2005-06-02 03:27:30
336,338,2005-05-27 03:42:52,2596,2005-06-01 05:23:52
337,339,2005-05-27 03:47:18,2410,2005-06-04 05:46:18
338,340,2005-05-27 03:55:25,946,2005-06-04 07:57:25
339,341,2005-05-27 04:01:42,4168,2005-06-05 08:51:42
340,342,2005-05-27 04:11:04,4019,2005-05-29 01:28:04
341,343,2005-05-27 04:13:41,3301,2005-05-28 08:34:41
342,344,2005-05-27 04:30:22,2327,2005-05-29 10:13:22
343,345,2005-05-27 04:32:25,1396,2005-05-31 09:50:25
344,346,2005-05-27 04:34:41,4319,2005-06-05 04:24:41
345,347,2005-05-27 04:40:33,1625,2005-05-28 09:56:33
346,348,2005-05-27 04:50:56,1825,2005-06-01 04:43:56
347,349,2005-05-27 04:53:11,2920,2005-05-28 06:33:11
348,350,2005-05-27 05:01:28,2756,2005-06-04 05:01:28
349,351,2005-05-27 05:39:03,3371,2005-06-01 11:10:03
350,352,2005-05-27 05:48:19,4369,2005-05-29 09:05:19
351,353,2005-05-27 06:03:39,3989,2005-06-03 04:39:39
352,354,2005-05-27 06:12:26,2058,2005-06-01 06:48:26
353,355,2005-05-27 06:15:33,141,2005-06-01 02:50:33
354,356,2005-05-27 06:32:30,2868,2005-05-30 06:24:30
355,357,2005-05-27 06:37:15,4417,2005-05-30 07:04:15
356,358,2005-05-27 06:43:59,1925,2005-05-29 11:28:59
357,359,2005-05-27 06:48:33,1156,2005-05-29 03:55:33
358,360,2005-05-27 06:51:14,3489,2005-06-03 01:58:14
359,361,2005-05-27 07:03:28,6,2005-05-31 08:01:28
360,362,2005-05-27 07:10:25,2324,2005-06-01 08:34:25
361,363,2005-05-27 07:14:00,4282,2005-05-28 12:22:00
362,364,2005-05-27 07:20:12,833,2005-05-31 10:44:12
363,365,2005-05-27 07:31:20,2887,2005-06-04 04:46:20
364,366,2005-05-27 07:33:54,360,2005-06-04 01:55:54
365,367,2005-05-27 07:37:02,3437,2005-05-30 05:43:02
366,368,2005-05-27 07:42:29,1247,2005-06-04 11:20:29
367,369,2005-05-27 07:46:49,944,2005-06-01 06:20:49
368,370,2005-05-27 07:49:43,3347,2005-06-05 06:39:43
369,371,2005-05-27 08:08:18,1235,2005-06-05 03:05:18
370,372,2005-05-27 08:13:58,4089,2005-06-04 03:50:58
371,373,2005-05-27 08:16:25,1649,2005-06-01 11:41:25
372,374,2005-05-27 08:26:30,4420,2005-06-05 07:13:30
373,375,2005-05-27 08:49:21,1815,2005-06-04 14:11:21
374,376,2005-05-27 08:58:15,3197,2005-06-02 04:48:15
375,377,2005-05-27 09:04:05,3012,2005-06-02 03:36:05
376,378,2005-05-27 09:23:22,2242,2005-05-29 15:20:22
377,379,2005-05-27 09:25:32,3462,2005-06-02 06:19:32
378,380,2005-05-27 09:34:39,1777,2005-06-04 11:45:39
379,381,2005-05-27 09:43:25,2748,2005-05-31 12:00:25
380,382,2005-05-27 10:12:00,4358,2005-05-31 15:03:00
381,383,2005-05-27 10:12:20,955,2005-06-03 10:37:20
382,384,2005-05-27 10:18:20,910,2005-06-02 09:21:20
383,385,2005-05-27 10:23:25,1565,2005-05-30 15:27:25
384,386,2005-05-27 10:26:31,1288,2005-05-30 08:32:31
385,387,2005-05-27 10:35:27,2684,2005-06-01 13:37:27
386,388,2005-05-27 10:37:27,434,2005-05-30 05:45:27
387,389,2005-05-27 10:45:41,691,2005-06-05 06:22:41
388,390,2005-05-27 11:02:26,3759,2005-06-02 16:09:26
389,391,2005-05-27 11:03:55,2193,2005-06-01 11:59:55
390,392,2005-05-27 11:14:42,263,2005-06-01 14:28:42
391,393,2005-05-27 11:18:25,145,2005-05-28 07:10:25
392,394,2005-05-27 11:26:11,1890,2005-06-03 16:44:11
393,395,2005-05-27 11:45:49,752,2005-05-31 13:42:49
394,396,2005-05-27 11:47:04,1020,2005-05-29 10:14:04
395,397,2005-05-27 12:29:02,4193,2005-05-28 17:36:02
396,398,2005-05-27 12:44:03,1686,2005-06-02 08:19:03
397,399,2005-05-27 12:48:38,553,2005-05-29 15:27:38
398,400,2005-05-27 12:51:44,258,2005-05-31 08:34:44
399,401,2005-05-27 12:57:55,2179,2005-05-29 17:55:55
400,402,2005-05-27 13:17:18,461,2005-05-30 08:53:18
401,403,2005-05-27 13:28:52,3983,2005-05-29 11:47:52
402,404,2005-05-27 13:31:51,1293,2005-05-30 16:58:51
403,405,2005-05-27 13:32:39,4090,2005-06-05 18:53:39
404,406,2005-05-27 13:46:46,2136,2005-05-30 12:43:46
405,407,2005-05-27 13:57:38,1077,2005-05-31 18:23:38
406,408,2005-05-27 13:57:39,1438,2005-05-28 11:57:39
407,409,2005-05-27 14:10:58,3652,2005-06-02 10:40:58
408,410,2005-05-27 14:11:22,4010,2005-06-02 20:06:22
409,411,2005-05-27 14:14:14,1434,2005-06-03 17:39:14
410,412,2005-05-27 14:17:23,1400,2005-05-29 15:07:23
411,413,2005-05-27 14:45:37,3516,2005-06-03 11:11:37
412,414,2005-05-27 14:48:20,1019,2005-05-31 14:39:20
413,415,2005-05-27 14:51:45,3698,2005-05-28 19:07:45
414,416,2005-05-27 15:02:10,2371,2005-05-29 10:34:10
415,417,2005-05-27 15:07:27,2253,2005-05-29 20:01:27
416,418,2005-05-27 15:13:17,3063,2005-06-04 12:05:17
417,419,2005-05-27 15:15:11,2514,2005-06-02 11:53:11
418,420,2005-05-27 15:19:38,619,2005-06-03 15:07:38
419,421,2005-05-27 15:30:13,2985,2005-06-04 13:19:13
420,422,2005-05-27 15:31:55,1152,2005-06-01 11:47:55
421,423,2005-05-27 15:32:57,1783,2005-06-02 19:03:57
422,424,2005-05-27 15:34:01,2815,2005-06-05 09:44:01
423,425,2005-05-27 15:51:30,1518,2005-06-03 16:52:30
424,426,2005-05-27 15:56:57,1103,2005-06-05 11:45:57
425,427,2005-05-27 16:10:04,1677,2005-06-05 13:22:04
426,428,2005-05-27 16:10:58,3349,2005-05-31 17:24:58
427,429,2005-05-27 16:21:26,129,2005-06-05 20:23:26
428,430,2005-05-27 16:22:10,1920,2005-06-05 13:10:10
429,431,2005-05-27 16:31:05,4507,2005-06-05 11:29:05
430,432,2005-05-27 16:40:29,1119,2005-05-29 16:20:29
431,433,2005-05-27 16:40:40,4364,2005-05-30 19:55:40
432,434,2005-05-27 16:54:27,3360,2005-06-04 22:26:27
433,435,2005-05-27 17:17:09,3328,2005-06-02 11:20:09
434,436,2005-05-27 17:21:04,4317,2005-05-30 21:26:04
435,437,2005-05-27 17:47:22,1800,2005-06-05 14:22:22
436,438,2005-05-27 17:52:34,4260,2005-06-05 22:23:34
437,439,2005-05-27 17:54:48,354,2005-06-02 23:01:48
438,440,2005-05-27 18:00:35,4452,2005-05-29 16:15:35
439,441,2005-05-27 18:11:05,1578,2005-05-30 22:45:05
440,442,2005-05-27 18:12:13,1457,2005-05-30 12:30:13
441,443,2005-05-27 18:35:20,2021,2005-06-04 18:58:20
442,444,2005-05-27 18:39:15,723,2005-06-01 15:56:15
443,445,2005-05-27 18:42:57,1757,2005-05-30 22:35:57
444,446,2005-05-27 18:48:41,1955,2005-06-03 16:42:41
445,447,2005-05-27 18:57:02,3890,2005-06-05 18:38:02
446,448,2005-05-27 19:03:08,2671,2005-06-03 20:28:08
447,449,2005-05-27 19:13:15,2469,2005-06-04 01:08:15
448,450,2005-05-27 19:18:54,1343,2005-06-05 23:52:54
449,451,2005-05-27 19:27:54,205,2005-05-29 01:07:54
450,452,2005-05-27 19:30:33,2993,2005-05-30 20:53:33
451,453,2005-05-27 19:31:16,4425,2005-05-29 23:06:16
452,454,2005-05-27 19:31:36,3499,2005-05-30 15:46:36
453,455,2005-05-27 19:43:29,3344,2005-06-04 23:40:29
454,456,2005-05-27 19:50:06,1699,2005-06-02 22:14:06
455,457,2005-05-27 19:52:29,2368,2005-06-02 17:17:29
456,458,2005-05-27 19:58:36,3350,2005-06-06 00:51:36
457,459,2005-05-27 20:00:04,597,2005-05-29 22:47:04
458,460,2005-05-27 20:02:03,4238,2005-05-28 16:14:03
459,461,2005-05-27 20:08:55,2077,2005-06-01 14:32:55
460,462,2005-05-27 20:10:36,2314,2005-06-03 21:12:36
461,463,2005-05-27 20:11:47,826,2005-06-04 21:18:47
462,464,2005-05-27 20:42:44,1313,2005-05-30 00:49:44
463,465,2005-05-27 20:44:36,20,2005-06-02 02:43:36
464,466,2005-05-27 20:57:07,1786,2005-05-29 15:52:07
465,467,2005-05-27 21:10:03,339,2005-06-01 16:08:03
466,468,2005-05-27 21:13:10,2656,2005-06-04 15:26:10
467,469,2005-05-27 21:14:26,4463,2005-06-05 21:51:26
468,470,2005-05-27 21:17:08,1613,2005-06-04 17:47:08
469,471,2005-05-27 21:32:42,2872,2005-05-31 00:39:42
470,472,2005-05-27 21:36:15,1338,2005-05-29 21:07:15
471,473,2005-05-27 21:36:34,802,2005-06-05 17:02:34
472,474,2005-05-27 22:11:56,1474,2005-05-31 19:07:56
473,475,2005-05-27 22:16:26,2520,2005-05-28 19:58:26
474,476,2005-05-27 22:31:36,2451,2005-06-03 19:12:36
475,477,2005-05-27 22:33:33,2437,2005-06-02 18:35:33
476,478,2005-05-27 22:38:20,424,2005-05-31 18:39:20
477,479,2005-05-27 22:39:10,2060,2005-06-05 22:46:10
478,480,2005-05-27 22:47:39,2108,2005-06-04 21:17:39
479,481,2005-05-27 22:49:27,72,2005-05-30 17:46:27
480,482,2005-05-27 22:53:02,4178,2005-06-01 22:53:02
481,483,2005-05-27 23:00:25,1510,2005-05-28 21:30:25
482,484,2005-05-27 23:26:45,3115,2005-05-29 21:16:45
483,485,2005-05-27 23:40:52,2392,2005-05-28 22:40:52
484,486,2005-05-27 23:51:12,1822,2005-05-28 20:26:12
485,487,2005-05-28 00:00:30,3774,2005-05-28 19:18:30
486,488,2005-05-28 00:07:50,393,2005-06-03 22:30:50
487,489,2005-05-28 00:09:12,1940,2005-05-31 04:44:12
488,490,2005-05-28 00:09:56,3524,2005-05-30 22:32:56
489,491,2005-05-28 00:13:35,1326,2005-05-29 00:11:35
490,492,2005-05-28 00:24:58,1999,2005-05-28 22:34:58
491,493,2005-05-28 00:34:11,184,2005-05-30 18:40:11
492,494,2005-05-28 00:39:31,1850,2005-06-02 19:35:31
493,495,2005-05-28 00:40:48,1007,2005-05-29 06:07:48
494,496,2005-05-28 00:43:41,1785,2005-06-04 03:56:41
495,497,2005-05-28 00:54:39,2636,2005-06-03 20:47:39
496,498,2005-05-28 01:01:21,458,2005-05-30 21:20:21
497,499,2005-05-28 01:05:07,2381,2005-06-05 19:54:07
498,500,2005-05-28 01:05:25,4500,2005-05-31 20:04:25
499,501,2005-05-28 01:09:36,601,2005-05-30 06:14:36
500,502,2005-05-28 01:34:43,3131,2005-05-31 01:02:43
501,503,2005-05-28 01:35:25,3005,2005-05-28 22:12:25
502,504,2005-05-28 02:05:34,2086,2005-05-30 23:03:34
503,505,2005-05-28 02:06:37,71,2005-05-29 06:57:37
504,506,2005-05-28 02:09:19,667,2005-06-05 20:34:19
505,507,2005-05-28 02:31:19,3621,2005-06-02 05:07:19
506,508,2005-05-28 02:40:50,4179,2005-06-05 03:05:50
507,509,2005-05-28 02:51:12,3416,2005-05-31 06:27:12
508,510,2005-05-28 02:52:14,4338,2005-05-30 21:20:14
509,511,2005-05-28 03:04:04,3827,2005-06-03 04:58:04
510,512,2005-05-28 03:07:50,2176,2005-06-05 02:12:50
511,513,2005-05-28 03:08:10,225,2005-05-29 07:22:10
512,514,2005-05-28 03:09:28,1697,2005-06-05 00:49:28
513,515,2005-05-28 03:10:10,3369,2005-06-04 02:18:10
514,516,2005-05-28 03:11:47,4357,2005-06-04 02:19:47
515,517,2005-05-28 03:17:57,234,2005-05-29 06:33:57
516,518,2005-05-28 03:18:02,4087,2005-05-30 05:32:02
517,519,2005-05-28 03:22:33,3564,2005-06-03 05:06:33
518,520,2005-05-28 03:27:37,3845,2005-06-04 05:47:37
519,521,2005-05-28 03:32:22,2397,2005-05-28 22:37:22
520,522,2005-05-28 03:33:20,3195,2005-05-31 04:23:20
521,523,2005-05-28 03:53:26,1905,2005-05-31 05:58:26
522,524,2005-05-28 03:57:28,1962,2005-05-31 05:20:28
523,525,2005-05-28 04:25:33,1817,2005-06-06 04:18:33
524,526,2005-05-28 04:27:37,1387,2005-05-30 07:52:37
525,527,2005-05-28 04:28:38,266,2005-06-02 08:19:38
526,528,2005-05-28 04:30:05,1655,2005-06-03 10:01:05
527,529,2005-05-28 04:34:17,2624,2005-05-30 00:35:17
528,530,2005-05-28 05:13:01,3332,2005-06-01 10:21:01
529,531,2005-05-28 05:23:38,1113,2005-05-29 08:00:38
530,532,2005-05-28 05:36:58,2793,2005-06-02 01:50:58
531,533,2005-05-28 06:14:46,4306,2005-06-01 06:26:46
532,534,2005-05-28 06:15:25,992,2005-06-06 07:51:25
533,535,2005-05-28 06:16:32,4209,2005-05-31 02:48:32
534,536,2005-05-28 06:17:33,2962,2005-06-03 10:02:33
535,537,2005-05-28 06:20:55,3095,2005-06-05 11:48:55
536,538,2005-05-28 06:21:05,2262,2005-06-02 01:22:05
537,539,2005-05-28 06:26:16,3427,2005-05-30 02:02:16
538,540,2005-05-28 06:40:25,3321,2005-06-06 00:47:25
539,541,2005-05-28 06:41:58,1662,2005-06-02 09:12:58
540,542,2005-05-28 06:42:13,4444,2005-06-03 09:05:13
541,543,2005-05-28 06:43:34,530,2005-06-06 07:16:34
542,544,2005-05-28 07:03:00,2964,2005-06-06 06:23:00
543,545,2005-05-28 07:10:20,1086,2005-06-04 01:47:20
544,546,2005-05-28 07:16:25,487,2005-06-01 08:36:25
545,547,2005-05-28 07:24:28,2065,2005-06-06 01:31:28
546,548,2005-05-28 07:34:56,3704,2005-06-05 03:14:56
547,549,2005-05-28 07:35:37,1818,2005-06-02 09:08:37
548,550,2005-05-28 07:39:16,3632,2005-06-06 12:20:16
549,551,2005-05-28 07:44:18,3119,2005-06-02 12:55:18
550,552,2005-05-28 07:53:38,23,2005-06-04 12:45:38
551,553,2005-05-28 08:14:44,1349,2005-06-02 03:01:44
552,554,2005-05-28 08:23:16,1951,2005-05-31 03:29:16
553,555,2005-05-28 08:31:14,4397,2005-05-30 07:34:14
554,556,2005-05-28 08:31:36,1814,2005-06-06 07:29:36
555,557,2005-05-28 08:36:22,158,2005-06-03 10:42:22
556,558,2005-05-28 08:38:43,4163,2005-06-06 13:52:43
557,559,2005-05-28 08:39:02,1227,2005-06-05 08:38:02
558,560,2005-05-28 08:53:02,644,2005-06-04 12:27:02
559,561,2005-05-28 08:54:06,928,2005-06-05 05:54:06
560,562,2005-05-28 09:01:21,3390,2005-06-02 05:26:21
561,563,2005-05-28 09:10:49,53,2005-06-06 11:32:49
562,564,2005-05-28 09:12:09,2973,2005-05-29 05:07:09
563,565,2005-05-28 09:26:31,1494,2005-06-01 07:28:31
564,566,2005-05-28 09:51:39,4330,2005-06-05 09:35:39
565,567,2005-05-28 09:56:20,3308,2005-06-01 06:41:20
566,568,2005-05-28 09:57:36,2232,2005-05-31 15:44:36
567,569,2005-05-28 10:12:41,4534,2005-06-03 10:08:41
568,570,2005-05-28 10:15:04,1122,2005-05-30 08:32:04
569,571,2005-05-28 10:17:41,4250,2005-06-05 07:56:41
570,572,2005-05-28 10:30:13,1899,2005-06-02 05:04:13
571,573,2005-05-28 10:35:23,4020,2005-06-03 06:32:23
572,574,2005-05-28 10:44:28,3883,2005-06-04 11:42:28
573,575,2005-05-28 10:56:09,4451,2005-06-05 15:39:09
574,576,2005-05-28 10:56:10,1866,2005-06-04 13:15:10
575,577,2005-05-28 11:09:14,375,2005-06-01 13:27:14
576,578,2005-05-28 11:15:48,2938,2005-06-02 09:59:48
577,579,2005-05-28 11:19:23,3481,2005-06-02 13:51:23
578,580,2005-05-28 11:19:53,3515,2005-06-01 10:44:53
579,581,2005-05-28 11:20:29,1380,2005-06-04 12:37:29
580,582,2005-05-28 11:33:46,4579,2005-05-29 08:33:46
581,583,2005-05-28 11:48:55,2679,2005-06-04 07:09:55
582,584,2005-05-28 11:49:00,1833,2005-06-01 11:54:00
583,585,2005-05-28 11:50:45,3544,2005-06-03 15:35:45
584,586,2005-05-28 12:03:00,898,2005-05-29 13:16:00
585,587,2005-05-28 12:05:33,1413,2005-05-30 13:45:33
586,588,2005-05-28 12:08:37,95,2005-05-29 16:25:37
587,589,2005-05-28 12:27:50,4231,2005-06-03 07:15:50
588,590,2005-05-28 13:06:50,473,2005-06-02 09:18:50
589,591,2005-05-28 13:11:04,377,2005-05-29 17:20:04
590,592,2005-05-28 13:21:08,638,2005-05-29 16:55:08
591,593,2005-05-28 13:33:23,1810,2005-05-30 17:10:23
592,594,2005-05-28 13:41:56,2766,2005-05-30 12:00:56
593,595,2005-05-28 13:59:54,595,2005-06-05 15:16:54
594,596,2005-05-28 14:00:03,821,2005-05-29 17:10:03
595,597,2005-05-28 14:01:02,4469,2005-06-06 19:06:02
596,598,2005-05-28 14:04:50,599,2005-06-03 18:00:50
597,599,2005-05-28 14:05:57,4136,2005-06-01 16:41:57
598,600,2005-05-28 14:08:19,1567,2005-06-03 11:57:19
599,601,2005-05-28 14:08:22,3225,2005-06-04 10:50:22
600,602,2005-05-28 14:15:54,1300,2005-06-05 15:16:54
601,603,2005-05-28 14:27:51,3248,2005-05-29 13:13:51
602,604,2005-05-28 14:37:07,1585,2005-06-03 11:03:07
603,605,2005-05-28 14:39:10,4232,2005-06-01 09:28:10
604,606,2005-05-28 14:48:39,3509,2005-06-04 09:44:39
605,607,2005-05-28 15:02:41,2561,2005-05-30 12:54:41
606,608,2005-05-28 15:03:44,4254,2005-06-04 17:14:44
607,609,2005-05-28 15:04:02,2944,2005-06-05 14:47:02
608,610,2005-05-28 15:15:25,3642,2005-06-02 12:30:25
609,611,2005-05-28 15:18:18,1230,2005-05-31 20:15:18
610,612,2005-05-28 15:24:54,2180,2005-05-30 14:22:54
611,613,2005-05-28 15:27:22,270,2005-06-02 20:01:22
612,614,2005-05-28 15:33:28,280,2005-06-04 12:27:28
613,615,2005-05-28 15:35:52,3397,2005-06-03 17:35:52
614,616,2005-05-28 15:45:39,989,2005-06-02 09:55:39
615,617,2005-05-28 15:49:14,4142,2005-05-31 14:29:14
616,618,2005-05-28 15:50:07,4445,2005-06-01 19:45:07
617,619,2005-05-28 15:52:26,2482,2005-06-06 17:55:26
618,620,2005-05-28 15:54:45,2444,2005-06-04 20:26:45
619,621,2005-05-28 15:58:12,1144,2005-05-30 21:54:12
620,622,2005-05-28 15:58:22,2363,2005-06-04 10:13:22
621,623,2005-05-28 16:01:28,1222,2005-05-30 11:19:28
622,624,2005-05-28 16:13:22,3660,2005-06-06 20:35:22
623,625,2005-05-28 16:35:46,2889,2005-06-01 14:19:46
624,626,2005-05-28 16:58:09,452,2005-06-01 14:02:09
625,627,2005-05-28 17:04:43,425,2005-06-04 19:58:43
626,628,2005-05-28 17:05:46,2513,2005-06-06 16:29:46
627,629,2005-05-28 17:19:15,1527,2005-06-02 20:01:15
628,630,2005-05-28 17:24:51,1254,2005-06-05 20:05:51
629,631,2005-05-28 17:36:32,2465,2005-06-03 14:56:32
630,632,2005-05-28 17:37:50,1287,2005-06-03 16:04:50
631,633,2005-05-28 17:37:59,58,2005-06-03 22:49:59
632,634,2005-05-28 17:40:35,2630,2005-06-05 16:18:35
633,635,2005-05-28 17:46:57,1648,2005-06-06 18:24:57
634,636,2005-05-28 17:47:58,4213,2005-06-04 16:32:58
635,637,2005-05-28 18:14:29,1581,2005-05-29 23:48:29
636,638,2005-05-28 18:24:43,2685,2005-06-02 19:03:43
637,639,2005-05-28 18:25:02,4204,2005-05-29 18:22:02
638,640,2005-05-28 18:43:26,495,2005-05-30 13:39:26
639,641,2005-05-28 18:45:47,3548,2005-06-04 15:24:47
640,642,2005-05-28 18:49:12,140,2005-06-01 20:50:12
641,643,2005-05-28 18:52:11,3105,2005-05-31 15:15:11
642,644,2005-05-28 18:59:12,4304,2005-06-04 18:06:12
643,645,2005-05-28 19:14:09,3128,2005-06-05 14:01:09
644,646,2005-05-28 19:16:14,1922,2005-05-31 16:50:14
645,647,2005-05-28 19:22:52,3435,2005-06-01 00:10:52
646,648,2005-05-28 19:25:54,3476,2005-06-03 15:57:54
647,649,2005-05-28 19:35:45,1781,2005-06-05 16:00:45
648,650,2005-05-28 19:45:40,4384,2005-05-29 21:02:40
649,651,2005-05-28 19:46:50,739,2005-05-30 16:29:50
650,652,2005-05-28 20:08:47,1201,2005-05-29 14:57:47
651,653,2005-05-28 20:12:20,126,2005-06-04 14:44:20
652,654,2005-05-28 20:15:30,2312,2005-05-30 22:02:30
653,655,2005-05-28 20:16:20,331,2005-05-31 16:46:20
654,656,2005-05-28 20:18:24,2846,2005-05-30 16:19:24
655,657,2005-05-28 20:23:09,848,2005-06-01 02:11:09
656,658,2005-05-28 20:23:23,3226,2005-06-06 19:31:23
657,659,2005-05-28 20:27:53,1382,2005-05-31 01:36:53
658,660,2005-05-28 20:53:31,1414,2005-05-30 15:26:31
659,661,2005-05-28 21:01:25,2247,2005-06-02 01:22:25
660,662,2005-05-28 21:09:31,2968,2005-06-01 19:00:31
661,663,2005-05-28 21:23:02,3997,2005-06-02 17:39:02
662,664,2005-05-28 21:31:08,87,2005-06-02 20:56:08
663,665,2005-05-28 21:38:39,1012,2005-05-29 21:37:39
664,666,2005-05-28 21:48:51,3075,2005-06-05 16:45:51
665,667,2005-05-28 21:49:02,797,2005-05-31 03:07:02
666,668,2005-05-28 21:54:45,3528,2005-05-29 22:32:45
667,669,2005-05-28 22:03:25,3677,2005-06-03 03:39:25
668,670,2005-05-28 22:04:03,227,2005-06-06 22:43:03
669,671,2005-05-28 22:04:30,1027,2005-06-03 01:21:30
670,672,2005-05-28 22:05:29,697,2005-06-06 02:10:29
671,673,2005-05-28 22:07:30,1769,2005-06-01 23:42:30
672,674,2005-05-28 22:11:35,1150,2005-06-01 23:58:35
673,675,2005-05-28 22:22:44,1273,2005-06-01 02:57:44
674,676,2005-05-28 22:27:51,2329,2005-05-29 20:36:51
675,677,2005-05-28 23:00:08,4558,2005-06-05 19:11:08
676,678,2005-05-28 23:15:48,3741,2005-06-03 04:43:48
677,679,2005-05-28 23:24:57,907,2005-06-06 21:59:57
678,680,2005-05-28 23:27:26,4147,2005-06-02 02:28:26
679,681,2005-05-28 23:39:44,3346,2005-06-01 01:42:44
680,682,2005-05-28 23:53:18,3160,2005-05-29 19:14:18
681,683,2005-05-29 00:09:48,2038,2005-06-02 04:27:48
682,684,2005-05-29 00:13:15,3242,2005-06-04 21:26:15
683,685,2005-05-29 00:17:51,1385,2005-06-05 05:32:51
684,686,2005-05-29 00:27:10,2441,2005-05-30 02:29:10
685,687,2005-05-29 00:32:09,1731,2005-05-31 23:53:09
686,688,2005-05-29 00:45:24,4135,2005-06-02 01:30:24
687,689,2005-05-29 00:46:53,742,2005-06-03 23:48:53
688,690,2005-05-29 00:54:53,2646,2005-06-06 00:45:53
689,691,2005-05-29 01:01:26,4034,2005-06-07 06:21:26
690,692,2005-05-29 01:32:10,800,2005-06-02 03:54:10
691,693,2005-05-29 01:42:31,635,2005-06-03 02:29:31
692,694,2005-05-29 01:49:43,592,2005-06-05 06:52:43
693,695,2005-05-29 01:50:53,4276,2005-06-03 02:28:53
694,696,2005-05-29 01:59:10,2076,2005-06-01 02:45:10
695,697,2005-05-29 02:04:04,3949,2005-06-04 00:47:04
696,698,2005-05-29 02:10:52,1412,2005-06-01 21:52:52
697,699,2005-05-29 02:11:44,130,2005-06-04 20:23:44
698,700,2005-05-29 02:18:54,500,2005-05-30 05:54:54
699,701,2005-05-29 02:26:27,372,2005-06-03 04:59:27
700,702,2005-05-29 02:27:30,2556,2005-05-30 01:52:30
701,703,2005-05-29 02:29:36,1123,2005-06-03 04:54:36
702,704,2005-05-29 02:44:43,2628,2005-06-06 01:51:43
703,705,2005-05-29 02:48:52,2809,2005-05-30 06:21:52
704,706,2005-05-29 03:05:49,2278,2005-06-04 22:48:49
705,707,2005-05-29 03:18:19,819,2005-05-30 02:45:19
706,708,2005-05-29 03:23:47,3133,2005-05-31 21:27:47
707,709,2005-05-29 03:48:01,2459,2005-06-06 05:21:01
708,710,2005-05-29 03:48:36,194,2005-06-03 05:03:36
709,711,2005-05-29 03:49:03,4581,2005-05-31 08:29:03
710,712,2005-05-29 04:02:24,4191,2005-05-30 03:09:24
711,713,2005-05-29 04:10:17,3664,2005-06-07 07:13:17
712,714,2005-05-29 04:15:21,2010,2005-06-01 23:05:21
713,715,2005-05-29 04:22:41,2030,2005-06-05 09:28:41
714,716,2005-05-29 04:35:29,85,2005-06-01 07:42:29
715,717,2005-05-29 04:37:44,1383,2005-05-30 05:48:44
716,718,2005-05-29 04:52:23,1736,2005-06-02 02:27:23
717,719,2005-05-29 05:16:05,267,2005-06-01 07:53:05
718,720,2005-05-29 05:17:30,3687,2005-06-06 02:47:30
719,721,2005-05-29 05:28:47,1116,2005-05-31 11:24:47
720,722,2005-05-29 05:30:31,4540,2005-06-06 04:51:31
721,723,2005-05-29 05:34:44,3407,2005-05-30 05:50:44
722,724,2005-05-29 05:53:23,3770,2005-06-05 04:01:23
723,725,2005-05-29 06:03:41,4088,2005-06-03 08:52:41
724,726,2005-05-29 06:05:29,933,2005-06-05 04:40:29
725,727,2005-05-29 06:08:15,1629,2005-05-30 07:16:15
726,728,2005-05-29 06:12:38,242,2005-06-03 07:41:38
727,729,2005-05-29 06:35:13,1688,2005-06-04 03:23:13
728,730,2005-05-29 07:00:59,3473,2005-06-06 01:17:59
729,731,2005-05-29 07:25:16,4124,2005-05-30 05:21:16
730,732,2005-05-29 07:32:51,2530,2005-05-30 10:08:51
731,733,2005-05-29 07:35:21,2951,2005-06-05 09:14:21
732,734,2005-05-29 07:38:52,3084,2005-06-03 10:17:52
733,735,2005-05-29 08:08:13,3421,2005-06-07 13:35:13
734,736,2005-05-29 08:10:07,3689,2005-06-05 10:21:07
735,737,2005-05-29 08:11:31,769,2005-06-04 11:18:31
736,738,2005-05-29 08:20:08,2284,2005-06-06 08:59:08
737,739,2005-05-29 08:28:18,1183,2005-06-06 09:21:18
738,740,2005-05-29 08:30:36,600,2005-06-04 12:47:36
739,741,2005-05-29 08:35:49,3189,2005-06-04 11:55:49
740,742,2005-05-29 08:36:30,273,2005-06-05 11:30:30
741,743,2005-05-29 08:39:02,2528,2005-06-06 08:42:02
742,744,2005-05-29 09:13:08,3722,2005-06-01 07:05:08
743,745,2005-05-29 09:22:57,581,2005-06-01 09:10:57
744,746,2005-05-29 09:25:10,4272,2005-06-02 04:20:10
745,747,2005-05-29 09:26:34,1993,2005-06-05 07:28:34
746,748,2005-05-29 09:27:00,2803,2005-06-03 04:25:00
747,749,2005-05-29 09:33:33,1146,2005-05-31 11:45:33
748,750,2005-05-29 09:41:40,730,2005-05-30 13:31:40
749,751,2005-05-29 09:55:43,2711,2005-06-02 04:54:43
750,752,2005-05-29 10:14:15,1720,2005-06-04 06:30:15
751,753,2005-05-29 10:16:42,1021,2005-06-05 08:52:42
752,754,2005-05-29 10:18:59,734,2005-06-04 05:03:59
753,755,2005-05-29 10:26:29,3090,2005-06-01 10:25:29
754,756,2005-05-29 10:28:45,3152,2005-06-04 12:50:45
755,757,2005-05-29 10:29:47,1067,2005-06-07 15:27:47
756,758,2005-05-29 10:31:56,1191,2005-06-01 14:53:56
757,759,2005-05-29 10:57:57,2367,2005-06-07 16:23:57
758,760,2005-05-29 11:07:25,3250,2005-06-02 14:16:25
759,761,2005-05-29 11:09:01,2342,2005-06-03 16:18:01
760,762,2005-05-29 11:15:51,3683,2005-06-06 07:48:51
761,763,2005-05-29 11:32:15,2022,2005-05-31 17:31:15
762,764,2005-05-29 11:37:35,1069,2005-05-31 16:47:35
763,765,2005-05-29 11:38:34,515,2005-06-02 17:04:34
764,766,2005-05-29 11:47:02,2154,2005-06-06 07:14:02
765,767,2005-05-29 12:20:19,687,2005-06-02 14:15:19
766,768,2005-05-29 12:30:46,2895,2005-06-07 09:00:46
767,769,2005-05-29 12:51:44,1523,2005-06-01 17:43:44
768,770,2005-05-29 12:56:50,2491,2005-06-07 15:54:50
769,771,2005-05-29 12:59:14,353,2005-06-01 16:05:14
770,772,2005-05-29 13:08:06,3319,2005-06-06 08:19:06
771,773,2005-05-29 13:18:05,245,2005-06-07 17:22:05
772,774,2005-05-29 13:19:43,1188,2005-06-01 18:51:43
773,775,2005-05-29 13:23:26,1197,2005-05-30 07:53:26
774,776,2005-05-29 13:35:35,4339,2005-06-03 17:33:35
775,777,2005-05-29 14:07:58,451,2005-06-03 08:41:58
776,778,2005-05-29 14:09:53,1816,2005-06-05 20:05:53
777,779,2005-05-29 14:17:17,533,2005-06-06 16:46:17
778,780,2005-05-29 14:18:32,1919,2005-06-06 20:14:32
779,781,2005-05-29 14:23:58,88,2005-05-30 17:44:58
780,782,2005-05-29 14:38:57,2255,2005-06-02 13:18:57
781,783,2005-05-29 14:41:18,3046,2005-06-06 10:39:18
782,784,2005-05-29 14:44:22,2936,2005-06-01 17:28:22
783,785,2005-05-29 15:08:41,39,2005-05-30 15:51:41
784,786,2005-05-29 15:17:28,2637,2005-06-07 10:07:28
785,787,2005-05-29 16:03:03,3919,2005-06-07 11:07:03
786,788,2005-05-29 16:13:55,763,2005-05-31 16:40:55
787,789,2005-05-29 16:17:07,708,2005-06-06 18:15:07
788,790,2005-05-29 16:19:29,2858,2005-06-02 17:22:29
789,791,2005-05-29 16:30:42,1554,2005-06-01 19:11:42
790,792,2005-05-29 16:32:10,2841,2005-05-31 18:01:10
791,793,2005-05-29 16:44:08,379,2005-06-06 19:21:08
792,794,2005-05-29 16:44:11,1995,2005-06-05 16:11:11
793,795,2005-05-29 16:57:39,609,2005-06-01 11:33:39
794,796,2005-05-29 16:59:44,2697,2005-06-03 16:22:44
795,797,2005-05-29 17:12:17,1446,2005-06-03 16:06:17
796,798,2005-05-29 17:23:43,1102,2005-06-01 13:06:43
797,799,2005-05-29 17:24:48,1713,2005-06-05 12:25:48
798,800,2005-05-29 17:28:12,441,2005-05-30 14:59:12
799,801,2005-05-29 17:35:50,1642,2005-06-04 17:05:50
800,802,2005-05-29 17:38:59,785,2005-05-31 22:42:59
801,803,2005-05-29 17:52:30,1602,2005-05-30 14:35:30
802,804,2005-05-29 18:10:24,3909,2005-06-06 22:53:24
803,805,2005-05-29 18:18:18,3132,2005-06-07 15:11:18
804,806,2005-05-29 18:31:30,2386,2005-05-31 00:18:30
805,807,2005-05-29 18:50:50,2195,2005-06-03 18:36:50
806,808,2005-05-29 19:08:20,1928,2005-06-06 20:32:20
807,809,2005-05-29 19:10:20,2114,2005-06-05 19:05:20
808,810,2005-05-29 19:12:04,2533,2005-06-04 21:12:04
809,811,2005-05-29 19:30:42,4419,2005-06-02 16:19:42
810,812,2005-05-29 20:00:30,1099,2005-05-30 19:43:30
811,813,2005-05-29 20:14:34,4554,2005-06-05 20:56:34
812,814,2005-05-29 20:16:12,1572,2005-06-07 17:47:12
813,815,2005-05-29 20:24:28,3757,2005-06-03 15:32:28
814,816,2005-05-29 20:26:39,630,2005-06-06 22:31:39
815,817,2005-05-29 20:39:14,186,2005-05-31 18:24:14
816,818,2005-05-29 20:47:53,4106,2005-06-02 23:18:53
817,819,2005-05-29 21:00:32,623,2005-06-02 15:15:32
818,820,2005-05-29 21:07:22,2584,2005-06-07 00:22:22
819,821,2005-05-29 21:31:12,3380,2005-06-04 22:49:12
820,822,2005-05-29 21:36:00,2634,2005-06-07 17:24:00
821,823,2005-05-29 21:39:37,3249,2005-05-30 22:06:37
822,824,2005-05-29 21:45:32,3518,2005-05-31 19:01:32
823,825,2005-05-29 21:49:41,712,2005-06-04 20:27:41
824,826,2005-05-29 21:56:15,2263,2005-06-08 03:18:15
825,827,2005-05-29 21:58:43,62,2005-06-06 00:54:43
826,828,2005-05-29 22:14:55,2468,2005-05-30 17:22:55
827,829,2005-05-29 22:16:42,1684,2005-06-06 01:38:42
828,830,2005-05-29 22:43:55,3464,2005-06-01 17:43:55
829,831,2005-05-29 22:50:25,3912,2005-06-06 02:27:25
830,832,2005-05-29 22:51:20,1381,2005-06-07 17:37:20
831,833,2005-05-29 23:21:56,2898,2005-06-02 18:40:56
832,834,2005-05-29 23:24:30,3628,2005-05-30 22:00:30
833,835,2005-05-29 23:37:00,299,2005-06-02 23:38:00
834,836,2005-05-29 23:56:42,3140,2005-05-31 04:11:42
835,837,2005-05-30 00:02:08,977,2005-06-02 05:31:08
836,838,2005-05-30 00:27:57,2859,2005-06-06 22:19:57
837,839,2005-05-30 00:28:12,1886,2005-06-08 02:43:12
838,840,2005-05-30 00:28:41,4049,2005-05-31 20:39:41
839,841,2005-05-30 00:31:17,4318,2005-06-02 19:14:17
840,842,2005-05-30 00:32:04,2328,2005-06-01 02:21:04
841,843,2005-05-30 00:44:24,2214,2005-05-31 00:58:24
842,844,2005-05-30 00:58:20,536,2005-06-01 00:38:20
843,845,2005-05-30 01:17:25,2001,2005-06-07 02:00:25
844,846,2005-05-30 01:17:45,938,2005-06-01 00:56:45
845,847,2005-05-30 01:18:15,4387,2005-06-06 20:20:15
846,848,2005-05-30 01:19:53,1363,2005-06-05 23:40:53
847,849,2005-05-30 01:23:07,2424,2005-06-07 01:50:07
848,850,2005-05-30 01:35:12,2390,2005-05-31 01:51:12
849,851,2005-05-30 01:35:15,2780,2005-06-06 07:27:15
850,852,2005-05-30 01:36:57,1622,2005-06-01 22:44:57
851,853,2005-05-30 01:43:31,3693,2005-06-01 02:05:31
852,854,2005-05-30 01:56:11,921,2005-06-01 06:34:11
853,855,2005-05-30 02:00:28,2527,2005-06-03 20:16:28
854,856,2005-05-30 02:01:21,3969,2005-06-07 03:25:21
855,857,2005-05-30 02:01:23,2569,2005-06-02 06:07:23
856,858,2005-05-30 02:10:32,1258,2005-06-01 04:42:32
857,859,2005-05-30 02:36:20,3032,2005-06-02 07:49:20
858,860,2005-05-30 02:45:16,578,2005-06-08 07:28:16
859,861,2005-05-30 02:48:32,3711,2005-06-06 05:43:32
860,862,2005-05-30 03:09:11,1186,2005-06-03 21:27:11
861,863,2005-05-30 03:14:59,3999,2005-06-05 04:34:59
862,864,2005-05-30 03:27:17,2777,2005-06-06 08:28:17
863,865,2005-05-30 03:39:44,3183,2005-06-07 08:10:44
864,866,2005-05-30 03:43:54,2867,2005-06-08 04:28:54
865,867,2005-05-30 03:54:43,3389,2005-06-01 22:59:43
866,868,2005-05-30 04:19:55,3604,2005-05-31 02:28:55
867,869,2005-05-30 04:22:06,3399,2005-06-03 09:18:06
868,870,2005-05-30 04:25:47,2903,2005-06-06 04:32:47
869,871,2005-05-30 05:01:30,4573,2005-06-04 06:22:30
870,872,2005-05-30 05:03:04,3904,2005-06-06 10:35:04
871,873,2005-05-30 05:15:20,4568,2005-06-07 00:49:20
872,874,2005-05-30 05:36:21,363,2005-06-01 09:32:21
873,875,2005-05-30 05:38:24,1428,2005-06-06 00:34:24
874,876,2005-05-30 05:41:22,1471,2005-06-07 09:06:22
875,877,2005-05-30 05:48:59,886,2005-06-02 09:30:59
876,878,2005-05-30 05:49:13,4265,2005-06-07 04:35:13
877,879,2005-05-30 05:49:42,4021,2005-06-05 01:45:42
878,880,2005-05-30 06:12:33,1819,2005-06-02 04:35:33
879,881,2005-05-30 06:15:36,602,2005-06-02 10:21:36
880,882,2005-05-30 06:16:06,3841,2005-06-02 11:57:06
881,883,2005-05-30 06:21:05,2271,2005-06-07 04:50:05
882,884,2005-05-30 06:41:32,4079,2005-05-31 07:39:32
883,885,2005-05-30 06:54:28,646,2005-06-03 07:03:28
884,886,2005-05-30 06:54:51,4356,2005-06-01 06:04:51
885,887,2005-05-30 07:10:00,2727,2005-06-01 06:48:00
886,888,2005-05-30 07:13:14,387,2005-06-06 09:50:14
887,889,2005-05-30 07:14:53,1299,2005-05-31 07:56:53
888,890,2005-05-30 07:43:04,1464,2005-06-01 11:26:04
889,891,2005-05-30 07:43:12,2611,2005-06-08 09:21:12
890,892,2005-05-30 08:02:56,471,2005-06-05 12:51:56
891,893,2005-05-30 08:06:59,3260,2005-06-07 08:23:59
892,894,2005-05-30 08:31:31,1118,2005-06-07 12:39:31
893,895,2005-05-30 08:50:43,2744,2005-06-05 10:58:43
894,896,2005-05-30 09:03:52,2817,2005-06-05 07:37:52
895,897,2005-05-30 09:10:01,1334,2005-06-08 03:43:01
896,898,2005-05-30 09:26:19,3497,2005-06-01 10:45:19
897,899,2005-05-30 09:29:30,1096,2005-06-06 12:39:30
898,900,2005-05-30 09:38:41,3543,2005-06-07 11:54:41
899,901,2005-05-30 09:40:40,760,2005-06-02 10:32:40
900,902,2005-05-30 09:53:36,1514,2005-06-07 12:10:36
901,903,2005-05-30 10:11:29,2423,2005-06-03 09:33:29
902,904,2005-05-30 10:19:42,2466,2005-06-05 04:58:42
903,905,2005-05-30 10:25:00,4372,2005-06-06 06:23:00
904,906,2005-05-30 10:30:38,1862,2005-06-07 06:44:38
905,907,2005-05-30 10:37:27,3320,2005-06-02 09:51:27
906,908,2005-05-30 10:38:37,4427,2005-06-03 09:56:37
907,909,2005-05-30 10:43:38,3775,2005-06-08 12:07:38
908,910,2005-05-30 10:46:16,2601,2005-06-04 13:32:16
909,911,2005-05-30 10:50:22,1404,2005-06-07 12:26:22
910,912,2005-05-30 10:58:33,3200,2005-05-31 09:31:33
911,913,2005-05-30 11:04:58,3213,2005-06-07 13:22:58
912,914,2005-05-30 11:06:00,1393,2005-06-04 06:07:00
913,915,2005-05-30 11:20:27,1859,2005-06-02 11:55:27
914,916,2005-05-30 11:25:01,1290,2005-05-31 09:06:01
915,917,2005-05-30 11:27:06,3629,2005-06-02 08:31:06
916,918,2005-05-30 11:32:24,818,2005-05-31 07:55:24
917,919,2005-05-30 11:35:06,4052,2005-06-02 13:16:06
918,920,2005-05-30 11:44:01,3860,2005-06-02 08:19:01
919,921,2005-05-30 11:53:09,1827,2005-06-03 10:00:09
920,922,2005-05-30 11:55:55,2442,2005-06-08 10:12:55
921,923,2005-05-30 11:58:50,1884,2005-06-05 09:57:50
922,924,2005-05-30 12:10:59,3279,2005-06-04 17:28:59
923,925,2005-05-30 12:13:52,3203,2005-06-02 14:41:52
924,926,2005-05-30 12:15:54,4327,2005-06-01 08:53:54
925,927,2005-05-30 12:16:40,1158,2005-05-31 16:20:40
926,928,2005-05-30 12:27:14,246,2005-06-05 13:56:14
927,929,2005-05-30 12:32:39,4296,2005-06-06 12:17:39
928,930,2005-05-30 12:44:57,2835,2005-06-04 10:53:57
929,931,2005-05-30 12:53:01,3384,2005-05-31 14:28:01
930,932,2005-05-30 12:55:36,719,2005-05-31 10:30:36
931,933,2005-05-30 13:08:45,3672,2005-06-01 18:56:45
932,934,2005-05-30 13:24:46,3595,2005-06-08 16:44:46
933,935,2005-05-30 13:29:36,2421,2005-06-02 11:08:36
934,936,2005-05-30 13:52:49,901,2005-06-07 16:56:49
935,937,2005-05-30 14:47:31,1054,2005-06-05 09:53:31
936,938,2005-05-30 14:47:31,1521,2005-06-04 10:10:31
937,939,2005-05-30 14:49:34,1314,2005-06-01 19:00:34
938,940,2005-05-30 15:01:02,1278,2005-06-01 18:26:02
939,941,2005-05-30 15:02:25,3630,2005-06-01 17:19:25
940,942,2005-05-30 15:05:47,4279,2005-06-08 15:59:47
941,943,2005-05-30 15:20:19,3737,2005-06-06 18:53:19
942,944,2005-05-30 15:26:24,151,2005-06-07 18:09:24
943,945,2005-05-30 15:33:17,1441,2005-06-02 15:02:17
944,946,2005-05-30 15:35:08,1264,2005-06-08 11:38:08
945,947,2005-05-30 15:36:57,4478,2005-06-04 18:48:57
946,948,2005-05-30 15:44:27,585,2005-06-08 17:30:27
947,949,2005-05-30 15:50:39,2202,2005-06-03 14:25:39
948,950,2005-05-30 16:06:08,491,2005-06-01 11:43:08
949,951,2005-05-30 16:10:35,1395,2005-05-31 19:01:35
950,952,2005-05-30 16:28:07,4389,2005-06-02 16:12:07
951,953,2005-05-30 16:34:02,2194,2005-05-31 20:34:02
952,954,2005-05-30 16:57:29,1231,2005-06-08 13:30:29
953,955,2005-05-30 16:59:03,4140,2005-05-31 11:58:03
954,956,2005-05-30 17:30:28,647,2005-06-07 13:54:28
955,957,2005-05-30 17:53:29,4428,2005-06-03 15:31:29
956,958,2005-05-30 17:58:03,548,2005-06-01 19:17:03
957,959,2005-05-30 18:07:00,3108,2005-06-02 14:37:00
958,960,2005-05-30 18:13:23,1966,2005-06-04 00:12:23
959,961,2005-05-30 18:16:44,3293,2005-06-04 23:40:44
960,962,2005-05-30 18:45:17,4535,2005-06-05 22:47:17
961,963,2005-05-30 18:52:53,1921,2005-06-07 16:19:53
962,964,2005-05-30 18:53:21,657,2005-06-04 22:32:21
963,965,2005-05-30 19:00:14,3363,2005-05-31 17:10:14
964,966,2005-05-30 19:00:37,1294,2005-05-31 23:51:37
965,967,2005-05-30 19:12:06,1954,2005-06-09 00:02:06
966,968,2005-05-30 19:20:03,119,2005-05-31 18:17:03
967,969,2005-05-30 19:23:48,443,2005-05-31 21:14:48
968,970,2005-05-30 19:50:28,1520,2005-06-09 01:19:28
969,971,2005-05-30 20:10:52,2911,2005-06-06 20:47:52
970,972,2005-05-30 20:21:07,2,2005-06-06 00:36:07
971,973,2005-05-30 20:27:45,1914,2005-06-08 22:47:45
972,974,2005-05-30 20:28:42,2617,2005-06-08 23:45:42
973,975,2005-05-30 21:07:15,3109,2005-06-03 01:48:15
974,976,2005-05-30 21:11:19,2290,2005-06-06 02:16:19
975,977,2005-05-30 21:22:26,2029,2005-06-04 22:32:26
976,978,2005-05-30 21:30:52,407,2005-06-07 16:22:52
977,979,2005-05-30 21:37:11,3917,2005-06-08 00:24:11
978,980,2005-05-30 21:45:19,4169,2005-06-01 20:32:19
979,981,2005-05-30 21:52:42,2913,2005-06-01 03:15:42
980,982,2005-05-30 22:15:24,3560,2005-06-02 16:18:24
981,983,2005-05-30 22:15:51,63,2005-06-02 22:56:51
982,984,2005-05-30 22:17:17,2305,2005-06-01 20:15:17
983,985,2005-05-30 22:18:35,1573,2005-06-04 23:36:35
984,986,2005-05-30 22:22:52,4045,2005-06-01 02:24:52
985,987,2005-05-30 22:59:12,390,2005-06-07 20:56:12
986,988,2005-05-30 23:08:03,1364,2005-06-07 00:22:03
987,989,2005-05-30 23:11:51,4388,2005-06-03 20:36:51
988,990,2005-05-30 23:25:14,4171,2005-06-06 18:41:14
989,991,2005-05-30 23:29:22,2863,2005-06-07 23:16:22
990,992,2005-05-30 23:47:56,3572,2005-06-05 19:01:56
991,993,2005-05-30 23:54:19,2080,2005-06-04 21:27:19
992,994,2005-05-30 23:55:36,2798,2005-06-04 01:00:36
993,995,2005-05-31 00:06:02,17,2005-06-06 02:30:02
994,996,2005-05-31 00:06:20,2075,2005-05-31 21:29:20
995,997,2005-05-31 00:08:25,4243,2005-06-02 00:17:25
996,998,2005-05-31 00:16:57,3395,2005-06-01 22:41:57
997,999,2005-05-31 00:25:10,4433,2005-06-03 06:05:10
998,1000,2005-05-31 00:25:56,1774,2005-06-08 19:42:56
999,1001,2005-05-31 00:46:31,1498,2005-06-06 06:14:31
